{
    "InFile": "/workspace/fetal-brain-measurement/Inputs/Fixed/Pat13249_Se8_Res0.46875_0.46875_Spac4.0.nii.gz",
    "OutDir": "/workspace/fetal-brain-measurement/output/Pat13249_Se8_Res0.46875_0.46875_Spac4.0",
    "Resolution": [
        0.46875,
        0.46875,
        4.0
    ],
    "SubjectID": 13249.0,
    "Series": 8.0,
    "TCD_selection": 17,
    "TCD_selectionValid": true,
    "TCD_result": [
        [
            [
                5.012650966644287,
                -4.565314769744873
            ],
            [
                3.521547794342041,
                -3.044759750366211
            ],
            [
                4.359813690185547,
                -3.8831491470336914
            ],
            [
                3.9789576530456543,
                -3.256241798400879
            ],
            [
                3.6442689895629883,
                -3.1687066555023193
            ],
            [
                2.2820043563842773,
                -1.8874375820159912
            ],
            [
                2.9716274738311768,
                -2.7940046787261963
            ],
            [
                3.2495055198669434,
                -2.811652898788452
            ],
            [
                3.121600389480591,
                -2.8504271507263184
            ],
            [
                2.056295394897461,
                -1.52219557762146
            ],
            [
                2.4101521968841553,
                -2.2727091312408447
            ],
            [
                4.234837532043457,
                -4.5149078369140625
            ],
            [
                3.671262502670288,
                -3.5241739749908447
            ],
            [
                3.603862762451172,
                -3.285311698913574
            ],
            [
                3.391083002090454,
                -3.1079773902893066
            ],
            [
                1.444157361984253,
                -1.3359566926956177
            ],
            [
                0.23003780841827393,
                0.12648418545722961
            ],
            [
                -0.5264490842819214,
                0.9376347661018372
            ],
            [
                1.7912029027938843,
                -1.140418529510498
            ],
            [
                2.6030642986297607,
                -2.485167980194092
            ],
            [
                2.5758309364318848,
                -2.3195362091064453
            ],
            [
                2.9106693267822266,
                -2.6219890117645264
            ],
            [
                3.0124287605285645,
                -2.6145615577697754
            ],
            [
                3.8846969604492188,
                -3.4662234783172607
            ],
            [
                2.494018077850342,
                -2.007225751876831
            ]
        ]
    ],
    "BBD_selection": 12,
    "BBD_result": [
        [
            [
                3.8991005420684814,
                -3.038968801498413
            ],
            [
                4.13267707824707,
                -3.525714159011841
            ],
            [
                4.082348823547363,
                -3.2266664505004883
            ],
            [
                3.1172776222229004,
                -2.211510419845581
            ],
            [
                3.6837828159332275,
                -3.184535503387451
            ],
            [
                1.4932941198349,
                -1.1093478202819824
            ],
            [
                1.5246042013168335,
                -1.2258154153823853
            ],
            [
                2.976609230041504,
                -2.401127815246582
            ],
            [
                2.951859712600708,
                -2.6091201305389404
            ],
            [
                0.390140563249588,
                -0.33341124653816223
            ],
            [
                0.24776583909988403,
                -0.12566888332366943
            ],
            [
                -0.9865362048149109,
                1.272064208984375
            ],
            [
                -1.3890029191970825,
                1.4600577354431152
            ],
            [
                -0.13164515793323517,
                0.2969006896018982
            ],
            [
                1.70906662940979,
                -1.227626085281372
            ],
            [
                2.608712911605835,
                -2.294415235519409
            ],
            [
                3.111999988555908,
                -3.101929187774658
            ],
            [
                2.083406448364258,
                -1.8297916650772095
            ],
            [
                4.435409069061279,
                -3.792966365814209
            ],
            [
                2.557457208633423,
                -2.3114712238311768
            ],
            [
                2.488477945327759,
                -1.9139207601547241
            ],
            [
                0.8457643985748291,
                -0.5191383957862854
            ],
            [
                1.4060015678405762,
                -0.9873706698417664
            ],
            [
                1.9832786321640015,
                -1.3355767726898193
            ],
            [
                2.6511173248291016,
                -2.279606342315674
            ]
        ]
    ],
    "BBD_selectionValid": true,
    "msl_planes": {
        "1": [
            -7.6349252298916195,
            1222.617044646492,
            [
                -1.400290193425564,
                -0.1834058816900086
            ],
            [
                224.2351570426225
            ]
        ],
        "2": [
            17.00000000002646,
            -2217.413868921404,
            [
                -1.0144170595382753,
                0.059671591737452734
            ],
            [
                132.31661509924356
            ]
        ],
        "3": [
            7.757887427124963,
            -935.4226553678425,
            [
                -0.9093174970775308,
                0.11721199948044614
            ],
            [
                109.6427597949731
            ]
        ],
        "4": [
            11.38889321882353,
            -1441.2042997913377,
            [
                -5.125021920419158,
                0.45000175363384187
            ],
            [
                648.5444622507351
            ]
        ],
        "5": [
            11.285714285482673,
            -1424.0003681446847,
            [
                -1.316836354588304,
                0.11668170230768737
            ],
            [
                166.15478704189533
            ]
        ],
        "6": [
            9.50000000006684,
            -1179.0001388709172,
            [
                -2.7146088204763146,
                0.2857482968902332
            ],
            [
                336.897281715713
            ]
        ],
        "7": [
            7.444444444444316,
            -889.4982107626506,
            [
                -1.0559214321120223,
                0.14184019237325918
            ],
            [
                126.1665973302442
            ]
        ],
        "8": [
            6.566354655976984,
            -775.4460394205145,
            [
                -2.188784885347559,
                0.33333333333666815
            ],
            [
                258.48201314275747
            ]
        ],
        "9": [
            7.191786643923907,
            -858.821765285165,
            [
                -1.400757748840988,
                0.19477187216398306
            ],
            [
                167.27432307976844
            ]
        ],